,0,1,2,3
0,-0.7236651602413975,-2.1244171970061148,0.5774142116024888,-0.048402249341127294
1,-0.7225896241623885,-1.9100218496996726,0.5774142116024888,-0.04908900186590129
2,-0.7068826602970021,-1.941657310045632,0.5774142116024888,-0.051149259440231985
3,-0.7076413091544621,-1.7768973248749804,0.5774142116024888,-0.05261345760579006
4,-0.7007422903277084,-0.8151503954857272,0.6472780806434758,-0.052979507147178855
5,-0.6872542492751066,-0.4988922416004135,0.6647440479037225,-0.06488349066641104
6,-0.7829670759602949,-0.7100685843670702,0.5774142116024888,-0.06785907691154835
7,-0.8316627812793048,-0.48454536743437,0.5774142116024888,-0.0767858356469603
8,-0.9728908924939685,0.08219233071445425,0.5250163098217496,-0.07513861271070783
9,-0.9686678794524279,0.07464997401002028,0.49008437530125665,-0.07404046408653854
10,-0.9216959496226175,-0.5108278764108124,0.49008437530125665,-0.07404046408653854
11,-0.881598066362012,0.17438606747723256,0.49008437530125665,-0.07404046408653854
12,-0.83639733708109,0.0870244543831548,0.4245869980753316,-0.07404046408653854
13,-0.7909665765849982,0.589219704953227,0.40275453900002295,-0.07404046408653854
14,-0.7573333736201663,0.5521911059151655,0.297958735438543,-0.0767858356469603
15,-0.7486389781451566,0.2218320242780924,0.22809486639755708,-0.07793055973314392
16,-0.7885242771838458,1.182223837149479,0.22809486639755708,-0.08136473199169479
17,-0.7890577031649691,0.9001871978190398,0.09710011194570728,-0.08479828979824174
18,-0.8145793883319518,0.8120744836656897,-0.07755956065675836,-0.0859428090670878
19,-0.8125765154547417,1.381199308776616,-0.08574673280999935,-0.0886898191661925
20,-0.8033098677326288,-3.0332253663423585,-0.18672185603329997,-0.09097844806921827
21,-0.8221013153267637,-2.0967096455704892,-0.23038677418391657,-0.09326707697224695
22,-0.8192434190723503,-2.036664963136428,-0.21583180146704486,-0.09937172591899765
23,-0.8885981313592521,-2.003785303282959,-0.15615641332786842,-0.10242405039237445
24,-0.9131378530038216,-2.133784861902766,-0.12122447880737519,-0.10681861113546878
25,-0.9617702434868018,-2.76381759313708,-0.06882657702663499,-0.1097483182975307
26,-0.9846779801171073,-2.2539288815296183,0.018503259274597464,-0.11359527941335473
27,-1.015977807251481,-2.599419293869761,0.10583309557583115,-0.11615992015723645
28,-1.0305957654111721,-2.1566976638796955,0.14076503009632388,-0.11821894882755349
29,-1.0317222239386425,-1.5635508666882434,0.14076503009632388,-0.1189052917176582
30,-1.011690271153936,-1.2062654751667763,0.31542470269878975,-0.12348336879305122
31,-1.024564960504901,-0.9549058285384279,0.40275453900002295,-0.1280622651377857
32,-1.0256437873710573,-0.20850668600108271,0.40275453900002295,-0.1326411614825202
33,-1.1138474572674366,0.4564649034963818,0.40275453900002295,-0.1381353455345967
34,-0.6189407663543804,0.5421121254085991,0.034331792104196096,-0.1558752303478786
35,-0.036737126412047495,-0.3763771699405158,-0.5797061193888491,-0.17933705608992817
36,-0.04153810258041607,-0.48400524981871673,-0.5687898898511947,-0.17933705608992817
37,-0.04499448686248813,-0.5688422953074401,-0.5797061193888491,-0.17933705608992817
38,-0.06467975838874589,-0.22059664013024566,-0.6561197261524282,-0.18208570472771288
39,-0.09038865655638667,-0.21627690482463335,-0.6652165841004732,-0.18208570472771288
40,-0.10093770831207349,-0.16082201650401132,-0.6561197261524282,-0.18208570472771288
41,-0.10529803788831973,0.0462407519219187,-0.645203496614774,-0.182634779039799
42,-0.10722840037670878,0.48947477027504477,-0.6479325539991875,-0.18597580037432118
43,-0.13529977112553151,0.6139429458130145,-0.6910516606729215,-0.18940997263287204
44,-0.19743765409458777,0.3508285073259405,-0.7434495624536611,-0.19261454465871125
45,-0.23245776609422436,0.4718052082769452,-0.8023972019569935,-0.1958191166845534
46,-0.30236390723942186,0.3311105974952264,-0.835145890569956,-0.19856547136818664
47,-0.34007403934871333,0.041249486455748344,-0.8225922266016535,-0.20039637449060493
48,-0.40162828570496356,-0.26578808813359167,-0.8198631692172402,-0.20589039468881432
49,-0.4361106832559581,-0.5386656347716456,-0.8198631692172402,-0.20589039468881432
50,-0.4781717051079656,-0.1736883897057001,-0.8198631692172402,-0.20589039468881432
51,-0.4839761377023656,-0.15542566282610096,-0.8198631692172402,-0.20589039468881432
52,-0.47132777814443194,0.01590736082800728,-0.8198631692172402,-0.20314338458970962
53,-0.426741841354627,-0.9446038083914642,-0.8198631692172402,-0.20543324239674907
54,-0.3921111982942865,-0.47234449629485015,-0.8198631692172402,-0.2077231002037856
55,-0.4255631077658752,-0.03776200474975451,-0.8198631692172402,-0.2104692910335488
56,-0.46381729271315525,-0.45751537425769156,-0.8198631692172402,-0.2104692910335488
57,-0.4743344595265127,-0.06138491671692932,-0.8198631692172402,-0.21504736810894182
58,-0.5135703474612898,-0.3588667497398861,-0.7980307101419315,-0.21504736810894182
59,-0.516687311875562,-0.28954844074403274,-0.7325333329160068,-0.21504736810894182
60,-0.5049532107195646,-0.044373623062912454,-0.7325333329160068,-0.2157794671917223
61,-0.4955201231334645,-0.17307593490936363,-0.7325333329160068,-0.2168776158158916
62,-0.4973128273726306,0.5716980323022607,-0.7325333329160068,-0.2205413883071512
63,-0.5210889194626479,0.4257216017120108,-0.7325333329160068,-0.2242051607984108
64,-0.5737285218866953,0.40311623275292624,-0.7325333329160068,-0.22969774727527187
65,-0.621314065950587,0.14719452126371768,-0.7325333329160068,-0.23152860943422557
66,-0.6672928771972543,-0.17579581290252239,-0.7325333329160068,-0.23519172651001374
67,-0.692852876406582,-0.7264987693363796,-0.7325333329160068,-0.23610750577896006
68,-0.7190434328950887,-1.4573020157214658,-0.7325333329160068,-0.23610750577896006
69,-0.7103332809074957,-1.3038941454371524,-0.7325333329160068,-0.23610750577896006
70,-0.4902533741116068,-0.857829332080497,-0.7325333329160068,-0.2379385727552513
71,-0.06602177160715572,0.9427516005444164,-0.12122447880737519,-0.31302051147651666
72,-0.017873460707605007,1.2255055835831463,-0.13869044606762193,-0.3066113674248324
73,0.04747508220594296,1.21976683391674,-0.2085543151086084,-0.3059246149000555
74,0.08444365275303727,0.9984102385905714,-0.2376642605423528,-0.30386435732572775
75,0.11251591283623046,0.517475287292384,-0.31771661048514976,-0.30340618094698635
76,0.12853953620480454,0.47825446980682496,-0.418145922231568,-0.30203165181075936
77,0.1365679199644288,0.4433176209097714,-0.4705438240123077,-0.3029480045682421
78,0.11875774503286465,0.44670420658476867,-0.5229417257930477,-0.30386435732572775
79,0.09668913058897245,0.3521691564076761,-0.5578736603135411,-0.30386435732572775
80,0.08293729408030458,0.2550396126839128,-0.5578736603135411,-0.30386435732572775
81,0.07262616216040127,0.5714858432389721,-0.5578736603135411,-0.3027647340167456
82,0.07584594569525938,0.6504491096573621,-0.5578736603135411,-0.30203165181075936
83,0.08256062736455551,0.6949364757688516,-0.5578736603135411,-0.3003834457512954
84,0.09355039082041373,0.9387851118043951,-0.5578736603135411,-0.2992846417116547
85,0.11252265021782312,0.846555206451282,-0.5578736603135411,-0.30148224979093613
86,0.09052475345423393,0.36587946338382665,-0.5578736603135411,-0.30349781622273464
87,0.04291696832632246,-0.19719797342315132,-0.5578736603135411,-0.30386435732572775
88,0.013210897486914114,-0.1370857762871267,-0.5578736603135411,-0.3066113674248324
89,-0.04044827280820136,0.09099335436252913,-0.5578736603135411,-0.30386435732572775
90,-0.029546614528055636,0.07336237219411715,-0.5404076930532942,-0.3023993398908282
91,-0.015338535293469378,-0.058845881675443926,-0.4705438240123077,-0.29653927015123005
92,0.06158571595962162,0.07313812693403667,-0.42687890586169114,-0.29653927015123005
93,0.1046899176226658,0.40957835422602595,-0.3832139877110748,-0.29653927015123005
94,0.10705808585098635,0.10270594953253097,-0.3832139877110748,-0.29653927015123005
95,0.10065202020436005,-0.17930175492561845,-0.3832139877110748,-0.29653927015123005
96,0.0939406316051031,-0.17640826769885884,-0.3832139877110748,-0.29653927015123005
97,0.08549124967248926,-0.49187553507551557,-0.3832139877110748,-0.29653927015123005
98,0.0770310468372893,-0.46849133580455227,-0.3832139877110748,-0.29507376115472617
99,0.07341775227661214,-1.3806583615632002,-0.31335011867008833,-0.29470738390560025
100,0.08560446850230109,-1.0194739960036616,-0.2958841514098413,-0.2910462330762322
101,0.09664876451312265,-1.4555514559492706,-0.2085543151086084,-0.2901309453688901
102,0.14224303820714226,-1.6332839088532485,-0.2085543151086084,-0.28555041048547275
103,0.17742121037750053,-0.9860349286197021,-0.17362238058811516,-0.2837198350707887
104,0.25012411538472795,0.11963084044297519,-0.06300458793988689,-0.2809739719487626
105,0.28386262810405377,0.4476349449760447,-0.033894642506142256,-0.2765767895437768
106,-0.07557098985033575,-0.37649084265299027,0.31542470269878975,-0.2705953769118416
107,-0.25981040105599124,-1.0136870215501423,0.7520738842049552,-0.264492730623476
108,-0.258002896835505,-0.9918701278603342,0.6647440479037225,-0.264492730623476
109,-0.2502816760385314,-1.7539278587731824,0.6647440479037225,-0.26174408198569127
110,-0.2156724016925463,-2.18748316235279,0.6472780806434758,-0.2611946799658709
111,-0.19385245826753747,-2.1477796951228747,0.5774142116024888,-0.2589970718865866
112,-0.1547770568740135,-2.1964770851493163,0.5919691843193613,-0.2594549069031036
113,-0.13178927558458636,-2.32033280589095,0.6647440479037225,-0.26174408198569127
114,-0.15038360160426528,-2.4544941636385693,0.6647440479037225,-0.26174408198569127
115,-0.16450186435109243,-2.567012236930009,0.6647440479037225,-0.26174408198569127
116,-0.16588896024051183,-2.421614503785114,0.7084089660543389,-0.2631184063045836
117,-0.1733969664523353,-2.3489879743933355,0.7520738842049552,-0.264492730623476
118,-0.20088852108607544,-2.2909735554967217,0.7520738842049552,-0.264492730623476
119,-0.20568081393669735,-2.4245658607564122,0.7520738842049552,-0.264492730623476
120,-0.203708966744532,-2.54233320212507,0.8394037205061889,-0.264492730623476
121,-0.1984854713700765,-2.7456006798052406,0.8394037205061889,-0.264492730623476
122,-0.1934474140771899,-2.7234245114514524,0.8394037205061889,-0.26174408198569127
123,-0.17537608077091463,-2.7261154545723354,0.8394037205061889,-0.2608286304244821
124,-0.12275504105735999,-2.714555973101414,0.8539586932230604,-0.2571668241796397
125,-0.06630338011802185,-2.6665361413339057,0.9267335568074216,-0.2571668241796397
126,-0.020940849579012558,-2.465118084239509,1.0140633931086553,-0.2525887471042467
127,0.01965295439152601,-2.517957983478926,1.0140633931086553,-0.2525887471042467
128,0.03294324139476275,-1.8756134640947357,1.0140633931086553,-0.2525887471042467
129,0.03382187745387203,-1.7393061033205928,1.0140633931086553,-0.2525887471042467
130,0.030482396244995484,-1.910528209964358,1.0140633931086553,-0.2525887471042467
131,0.025545654275423806,-2.0970616865164105,0.9791314585881618,-0.2514899430646031
132,0.03396169207612555,-2.33818562208009,0.9267335568074216,-0.249841737005142
133,0.0538708087826284,-2.2521043770838562,0.9267335568074216,-0.2512152420546929
134,0.03958128727461033,-2.1726588627943375,0.9267335568074216,-0.2525887471042467
135,0.011902650364250467,-2.6151068171175402,0.9267335568074216,-0.24892563002845852
136,0.034893270770872,-2.2738634010291263,0.9267335568074216,-0.24800985075951223
137,0.06143342802131902,-2.661889683095598,0.9267335568074216,-0.24215043643538547
138,0.10534397612160865,-2.899382292189679,0.9267335568074216,-0.24068558285435307
139,0.17367809409264798,-2.740796285389133,0.9922309340333466,-0.23381785278925818
140,0.2733456567632234,-3.084825888552986,1.0140633931086553,-0.23152860943422557
141,0.36019471887510174,-3.388256249066312,1.0140633931086553,-0.22695053235883256
142,0.3990861123040281,-3.4071651880932157,1.0140633931086553,-0.22695053235883256
143,-0.14932112765592376,-2.70870469893174,1.0140633931086553,-0.22695053235883256
144,-0.5074069394137133,-1.7793460723983625,0.22809486639755708,-0.2379385727552513
145,-0.488416327286109,-1.36421370915776,0.22809486639755708,-0.23940342633628078
146,-0.4700931456905485,-1.1743286099013615,0.24556083365780382,-0.24526284066040754
147,-0.5186288711559286,-1.3564796589245438,0.31542470269878975,-0.24640756474659115
148,-0.5609813376964249,-1.1818999014780576,0.31542470269878975,-0.249841737005142
149,-0.6004348347812196,-1.321655334530772,0.31542470269878975,-0.2525887471042467
150,-0.6217815306544779,-1.2694921898038325,0.31542470269878975,-0.2525887471042467
151,-0.6016032765273377,-1.030141318913008,0.31542470269878975,-0.25332117389476144
152,-0.5952322278579605,-1.0190568515951433,0.31542470269878975,-0.25441981408053504
153,-0.5837019457644957,-1.0072490124705853,0.31542470269878975,-0.25441981408053504
154,-0.5645544271250564,-0.9849197304177165,0.31542470269878975,-0.25441981408053504
155,-0.5397168498637948,-0.8667364502602094,0.31542470269878975,-0.25661742215981936
156,-0.552105858754128,-0.9639720885156237,0.31542470269878975,-0.2571668241796397
157,-0.5450296390866859,-0.8826892098371092,0.31542470269878975,-0.2571668241796397
158,-0.5249468862735408,-0.8928453500030509,0.31542470269878975,-0.25808227574084885
159,-0.5175249730118343,-0.6524158513738031,0.31542470269878975,-0.26174408198569127
160,-0.5476713090522072,-0.6386910769615215,0.31542470269878975,-0.26174408198569127
161,-0.5441642964721604,-0.6527654810803715,0.31542470269878975,-0.26174408198569127
162,-0.5264598504909218,-0.8612388245293674,0.26302680091805003,-0.26339327116836386
163,-0.52042955552539,-1.0719184519887643,0.22809486639755708,-0.264492730623476
164,-0.5288635325106097,-1.217354764963347,0.22809486639755708,-0.264492730623476
165,-0.5173326143466844,-1.2619048232980943,0.22809486639755708,-0.264492730623476
166,-0.49577438352521064,-1.522694827046338,0.22809486639755708,-0.26174408198569127
167,-0.4565760679786196,-1.3399325288464885,0.22809486639755708,-0.26174408198569127
168,-0.41305292445651076,-1.5276475126828069,0.24556083365780382,-0.26174408198569127
169,-0.3894051268366963,-1.410847078295773,0.31542470269878975,-0.26174408198569127
170,-0.36982826834113436,-1.410027256914854,0.31542470269878975,-0.26174408198569127
171,-0.35623341367969946,-1.1761732080084295,0.31542470269878975,-0.26174408198569127
172,-0.34126655417874924,-1.0504813284974701,0.31542470269878975,-0.26174408198569127
173,-0.3427523582730727,-0.9486462511711914,0.31542470269878975,-0.26540654364600513
174,-0.3810179376992627,-1.0605422247088694,0.31542470269878975,-0.2663221590610843
175,-0.38145044506642695,-1.2587762402341454,0.31542470269878975,-0.2663221590610843
176,-0.3709433135558421,-1.2492217042874454,0.31542470269878975,-0.26540744484228157
177,0.4038055873289178,-0.2381769862721919,0.05343519379509118,-0.2684164455726636
178,0.4083111063998569,0.005235215439954995,-0.2958841514098413,-0.2721828842161568
179,0.39704314244672334,0.05605931857807005,-0.2958841514098413,-0.2663221590610843
180,0.4687380330080686,0.31780417311114634,-0.2958841514098413,-0.26403312052338923
181,0.48993231281577454,0.5618601757312586,-0.2958841514098413,-0.26174408198569127
182,0.5160463924611103,0.796793254249334,-0.2958841514098413,-0.26174408198569127
183,0.5023232849922316,0.9416159068079107,-0.2958841514098413,-0.26174408198569127
184,0.477247006096388,1.4763709261435878,-0.3832139877110748,-0.26174408198569127
185,0.45016242646499466,1.1250131647047283,-0.40504644678638296,-0.26174408198569127
186,0.41918631895909764,0.9824767689285359,-0.47491031582736937,-0.26174408198569127
187,0.39847297975991375,1.002514167973873,-0.5360412012382327,-0.26174408198569127
188,0.3705545973631325,0.6422219609759224,-0.5709731357587257,-0.26174408198569127
189,0.3478914496575283,0.6717825498563581,-0.5660608324667814,-0.2596838244113635
190,0.35826008645626983,0.31836840312035614,-0.5600569062210716,-0.2589970718865866
191,0.35210231886123805,0.4086596720315281,-0.5578736603135411,-0.2575328737210285
192,0.3573141443830748,0.26137152723181867,-0.5578736603135411,-0.2571668241796397
193,0.3424928020515526,0.2102628978497459,-0.5578736603135411,-0.2571668241796397
194,0.3247603287341001,-0.0317990098232677,-0.5578736603135411,-0.2571668241796397
195,0.30568114957343007,-0.022884657925483054,-0.5578736603135411,-0.25441981408053504
196,0.29358188747152186,-0.19767539881557447,-0.5578736603135411,-0.2571668241796397
197,0.2981713199025474,-0.245094831983525,-0.5578736603135411,-0.2571668241796397
198,0.26044605793420866,-0.0008796875659429398,-0.5578736603135411,-0.2525887471042467
199,0.2528422564861937,-0.1016743151102556,-0.5287637148797968,-0.25106244832266855
200,0.28116190545970393,-0.028210281915621364,-0.4705438240123077,-0.24800985075951223
201,0.32991968971471347,-0.10751795368864112,-0.4705438240123077,-0.2434317736841192
202,0.3553547306134411,0.13604133362421983,-0.4705438240123077,-0.2420586782692347
203,0.40527868542354323,0.49767298408422234,-0.4705438240123077,-0.24068558285435307
204,0.39708048540437646,0.6448550343522808,-0.4705438240123077,-0.24526284066040754
205,0.3304579140470248,0.2663386803044326,-0.4705438240123077,-0.24594959318518445
206,0.28367776959140056,0.41871695138389103,-0.4705438240123077,-0.24800985075951223
207,0.22295482366681693,0.23687333537855323,-0.4705438240123077,-0.24594959318518445
208,0.21805932406074435,-0.3091337324102001,-0.4705438240123077,-0.24526284066040754
209,0.3127855652256489,-0.43531750474969994,-0.4705438240123077,-0.2379385727552513
210,0.7911193692337951,-0.7719007989101166,-0.07755956065675836,-0.18437433363074157
211,0.8870171871246668,-0.9685112466026108,0.24992732547286525,-0.12874922247989726
212,0.8916361886993098,-0.8285568863030693,0.22809486639755708,-0.1280622651377857
213,0.889890273734736,-0.6540554941356415,0.22809486639755708,-0.12073635869394654
214,0.9077354145638639,-0.7582632309878632,0.22809486639755708,-0.11799049557192048
215,0.9233676362977559,-1.0020793152921084,0.22809486639755708,-0.11615992015723645
216,0.905490916239625,-1.0250286877325998,0.22809486639755708,-0.11432803391160665
217,0.8900736298198544,-0.8615667530817324,0.22809486639755708,-0.11432803391160665
218,0.8547230423187329,-0.9213172643144102,0.22809486639755708,-0.11158184308184052
219,0.8476543904344285,-0.5838402040994938,0.22809486639755708,-0.11158184308184052
220,0.8166239798040958,-0.658207648306042,0.22809486639755708,-0.10700212746776748
221,0.8352532936370923,-0.73955804168652,0.22809486639755708,-0.10700212746776748
222,0.8069056724021084,-0.7395339292929636,0.22809486639755708,-0.10700212746776748
223,0.7709205451187343,-0.531038884689764,0.22809486639755708,-0.10700212746776748
224,0.731697546956369,-0.5503360332529237,0.18442994824694023,-0.10700212746776748
225,0.6963111280566919,-0.6170972229121104,0.14076503009632388,-0.10590348728199389
226,0.6731442767526278,-0.7024731803968176,0.14076503009632388,-0.10517106049147915
227,0.639056812183085,-0.6397809571502672,0.14076503009632388,-0.10311080291714844
228,0.6228779139989041,-0.6420294378493918,0.14076503009632388,-0.10242405039237445
229,0.6065825986548435,-0.40936774680434196,0.15823099735657062,-0.10297345241219481
230,0.571570155798698,-0.41137229045532153,0.22809486639755708,-0.10517106049147915
231,0.5058406205193006,-0.27260225055262655,0.1756969646168166,-0.10626970067724982
232,0.4640995880521332,-0.3590323215089727,0.1931629318770636,-0.10700212746776748
233,0.4090978990209655,-0.5495523804623392,0.22809486639755708,-0.10562882723555123
234,0.3723365226478316,-0.30717460043373895,0.22809486639755708,-0.10517106049147915
235,0.3622562320839842,-0.6424574328350189,0.22809486639755708,-0.10242405039237445
236,0.3660272652702081,-0.5614639028791817,0.22809486639755708,-0.10059347497768752
237,0.363115408324987,-0.6878321350293912,0.22809486639755708,-0.09784761185566146
238,0.39391776158464437,-0.723325578344368,0.22809486639755708,-0.09601539790229449
239,0.40142510290450917,-0.7875754622146621,0.22809486639755708,-0.09326707697224695
240,0.43241601096245375,-0.8580162031305596,0.18442994824694023,-0.09326707697224695
241,0.4420927486343955,-0.8606987069137002,0.14076503009632388,-0.09326707697224695
242,0.42130132943194654,-0.9372435002583871,0.14076503009632388,-0.09052170541182229
243,0.4078100118602664,-0.9677818466975282,0.14076503009632388,-0.09052170541182229
244,0.19698396788437988,-1.3108770946110686,0.14076503009632388,-0.09052170541182229
245,-0.16720642910072755,-1.493829880720003,0.2405705572977333,-0.07744101704250134
246,-0.1840209879665627,-1.3278763320683074,0.31542470269878975,-0.06763050076551573
247,-0.21386599325966196,-1.4242535691131013,0.31542470269878975,-0.06763050076551573
248,-0.22307575847605216,-1.3687287548511904,0.3809220799247153,-0.06763050076551573
249,-0.20721580759411545,-1.0122933252025743,0.40275453900002295,-0.06488349066641104
250,-0.17868966338221234,-0.6017219551608957,0.40275453900002295,-0.06488349066641104
251,-0.17790684641550328,-0.7010312592621506,0.49008437530125665,-0.0694607484724626
252,-0.22136965398876965,-1.0878253980179042,0.49008437530125665,-0.0694607484724626
253,-0.23284677069352339,-0.7366103015742445,0.49008437530125665,-0.0694607484724626
254,-0.23089908356341696,-0.7040597758928235,0.49008437530125665,-0.0694607484724626
255,-0.22652770601684707,-0.9573797601173025,0.49008437530125665,-0.0694607484724626
256,-0.22073637693051337,-1.1140717384039982,0.49008437530125665,-0.0694607484724626
257,-0.21415029569586494,-0.535229618689866,0.49008437530125665,-0.0694607484724626
258,-0.20829032801498937,-0.2749363302488822,0.49008437530125665,-0.0694607484724626
259,-0.20308512835552997,-0.4999290745233407,0.49008437530125665,-0.0694607484724626
260,-0.19839892178472088,-0.04044330291322569,0.49008437530125665,-0.0683625998482933
261,-0.17606158546339498,-0.5573551510171882,0.49008437530125665,-0.06763050076551573
262,-0.15977510302350553,-0.7271220747098108,0.49008437530125665,-0.06909469893107381
263,-0.17382874614804397,-0.6357156075966671,0.49008437530125665,-0.0694607484724626
264,-0.17733624241558785,-0.6300636625470474,0.49008437530125665,-0.07404046408653854
265,-0.2334966583508998,-0.7599860615074658,0.49008437530125665,-0.07367425069127971
266,-0.2503699554273512,-0.6934647901641602,0.49008437530125665,-0.0722093971102502
267,-0.22919796919015142,-0.5825863596345587,0.49008437530125665,-0.0722093971102502
268,-0.21545061856198602,-0.8118711099620645,0.49008437530125665,-0.0722093971102502
269,-0.21220443339455053,-0.6871618104885301,0.49008437530125665,-0.0733080372960238
270,-0.2257785502755879,-0.25359686195149717,0.49008437530125665,-0.07404046408653854
271,-0.21214778374369528,-1.5222704489197334,0.49008437530125665,-0.07060567737598376
272,-0.15841234548991914,-1.5448300043310719,0.49008437530125665,-0.0694607484724626
273,-0.13384363815155945,-1.204565551421047,0.49008437530125665,-0.06799655030690452
274,-0.1038116029970136,-1.2485867445904497,0.49008437530125665,-0.06763050076551573
275,-0.0946524655512505,-1.1131217100978852,0.49008437530125665,-0.06763050076551573
276,-0.09157796055410101,-0.9792304111580926,0.49008437530125665,-0.06763050076551573
277,-0.09032279235908208,-1.2338078567065294,0.49008437530125665,-0.06763050076551573
278,-0.08993165309704441,-1.167456577737802,0.49008437530125665,-0.06763050076551573
279,-0.08986978374754583,-1.2861136664286823,0.49008437530125665,-0.06763050076551573
280,-0.08994005508273885,-1.3132931564454189,0.49008437530125665,-0.06763050076551573
281,-0.07237943218329485,-1.101864839166089,0.4202205062602697,-0.05041666879584719
282,-0.08089184440100833,-1.2859979269396058,0.31542470269878975,-0.025694069465512222
283,-0.10155007983169706,-1.247413274770712,0.31542470269878975,-0.027341292401767605
284,-0.1446879356318151,-1.340832724872605,0.31542470269878975,-0.027341292401767605
285,-0.15705819628111695,-1.5720287842626592,0.3852885717397767,-0.027341292401767605
286,-0.1524921808311816,-2.0882365504747793,0.40275453900002295,-0.024595920841342937
287,-0.12058323139288954,-2.6330319704873353,0.4245869980753316,-0.024595920841342937
288,-0.10793749384923126,-2.511751453377522,0.49008437530125665,-0.024595920841342937
289,-0.10338848331073659,-2.9706456675990762,0.519194320735,-0.023985565182581128
290,-0.08770632550844489,-3.113635376374135,0.5774142116024888,-0.022764853865054602
291,-0.07179449199416074,-4.066561992200462,0.6429115888284138,-0.0207039818387229
292,-0.04026550519526935,-4.279112741399837,0.7346079169447085,-0.020017024496611364
293,-0.021324057633105006,-3.1967194508513104,0.769539851465202,-0.015440585959898362
294,0.0374283137538848,-1.1581974186121549,0.8394037205061889,-0.015440585959898362
295,0.054749902675497536,-0.5395891394448492,0.8743356550266819,-0.015440585959898362
296,0.05642050792484184,-0.8560630992524874,0.9267335568074216,-0.013150728152861843
297,0.06297928641282736,-0.9389241340892659,0.9267335568074216,-0.010860870345822414
298,0.10753797661508416,-1.2119439438492916,0.9267335568074216,-0.005367669416954506
299,0.15324534158238812,-1.2656663566928859,0.8568696877664351,-0.0035366024406661726
300,0.21527137501097518,-1.2758851890820715,0.8394037205061889,0.0015920236316258332
301,0.24693491802135697,-1.4015011145533252,0.8394037205061889,0.002874180149698107
302,0.31365103197236394,-1.187088888571399,0.7811838296387006,0.0016534688321715814
303,0.31954196900795434,-1.2770172659595411,0.7520738842049552,0.0010431131734068633
304,0.29745573064676717,-1.2106563420333885,0.7520738842049552,0.002507966754439276
305,0.295532844842758,-1.0714603165111918,0.6822100151639693,0.002874180149698107
306,0.29511057624101544,-1.1669502174731168,0.6647440479037225,0.00653533097906618
307,0.3290800433194937,-1.339025902848769,0.6647440479037225,0.007450618686411109
308,0.34067905098564133,-1.0160596810760856,0.5948801788627356,0.011113735762196366
309,0.3776283600693071,-0.9450293921377383,0.5774142116024888,0.012029515031142681
310,0.4015595103856625,-0.8063453531053881,0.5774142116024888,0.017523535229352055
311,0.43695374447677227,-1.21358358661113,0.5555817525271811,0.017981301973424138
312,0.4436769356216781,-0.942290224229729,0.49008437530125665,0.01935460220564039
313,0.43837258053899897,-0.8747803447506229,0.4464194571506403,0.01843906871749622
314,0.4061441281999044,-0.6926208563896846,0.40275453900002295,0.017523535229352055
315,0.3696950238991234,-0.7336505052652047,0.40275453900002295,0.017523535229352055
316,0.3424355231789093,-0.7020825596212089,0.40275453900002295,0.017523535229352055
317,-1.5468589261092622,-0.5691316440301174,-0.9071930055184732,-0.4418946510163205
318,-2.1293194934305686,-0.4957431630019583,-0.9071930055184732,-0.44670396686310226
319,-2.1307657960939483,-0.8303267359901013,-0.9071930055184732,-0.4494498299851312
320,-2.1162697588585897,-0.5553393549158723,-0.9071930055184732,-0.4512804053998153
321,-2.0693750489529203,-0.19860131472813092,-0.9071930055184732,-0.4571404751394134
322,-2.0661217582877445,-0.27856765671846623,-0.9071930055184732,-0.458605492574313
323,-2.0309962438482465,-0.4423727911042854,-0.9071930055184732,-0.467761646725099
324,-2.028323991706296,-0.1784787185588909,-0.9071930055184732,-0.4695929185187249
325,-2.02791873292421,-0.561767719038004,-0.9071930055184732,-0.4750867338995967
326,-1.9808946515945824,-1.507224315340567,-0.9071930055184732,-0.4810387256592128
327,-2.042326816082692,-1.2071021752231794,-0.9071930055184732,-0.48699071741882893
328,-2.0296914775633925,-0.8505618566626094,-0.9071930055184732,-0.4924853930325097
329,-2.05986912573454,-0.732155536864705,-0.9071930055184732,-0.49614851010829786
330,-2.0270179783923212,-0.570554275249934,-0.8416956282925484,-0.5030137823653713
331,-2.068534614104277,-0.570554275249934,-0.8198631692172402,-0.5053022064510624
332,-2.025061398260944,-0.7717963118713769,-0.8198631692172402,-0.5172061899702947
333,-2.099755417830745,0.45393310217296884,-0.7325333329160068,-0.5172061899702947
334,-2.0839609818638127,-0.8631774609712947,-0.7325333329160068,-0.5263631633904221
335,-2.08688672791691,-1.451355899470463,-0.7325333329160068,-0.5281945034564929
336,-2.033550507630695,-1.1325659442617362,-0.645203496614774,-0.5291101734895268
337,-1.9506185537559186,-1.8028985225932597,-0.6160935511810297,-0.5336874312955784
338,-1.9244395372806113,-2.7453089198432106,-0.5578736603135411,-0.5359764698332763
339,-1.9078231510321724,-2.5143748817964546,-0.5229417257930477,-0.5382655083709714
340,-1.8444031764659827,-2.506490129103525,-0.4705438240123077,-0.5396390134205252
341,-1.7725342685552279,-2.6411385572009927,-0.36574802045082805,-0.5465062109605483
342,-1.7720053969413305,-1.3326505859924698,-0.2958841514098413,-0.5501686726208621
343,-1.777574316243568,-1.5384257526025105,-0.2085543151086084,-0.5593256460409897
344,-1.80400516868055,-1.2778913402259622,-0.2085543151086084,-0.5611569178346126
345,-1.784550059036427,-1.5255617906401884,-0.1648893969579918,-0.5666507332154873
346,-1.8137661535853635,-1.6540024830165547,-0.12122447880737519,-0.5700836765700275
347,-1.768466807700531,-1.8841552795120786,-0.033894642506142256,-0.5712279910215418
348,-1.7323580207860858,-1.843640430239,-0.033894642506142256,-0.5712279910215418
349,-1.6704918833148918,-1.943721330934061,-0.033894642506142256,-0.5717773930413621
350,-1.5900332530424361,-2.0543586375280842,-0.012062183430833586,-0.5739750011206465
351,-0.40928298243503664,-0.8650906071686064,-0.2709327696094896,-0.5925492415342645
352,-0.07216606055808378,0.8899695710495237,-1.0818526781209397,-0.6389848425683095
353,-0.07086237739078936,1.657768462868145,-1.1691825144221728,-0.643563738913044
354,-0.11677073463104407,1.6925530018125596,-1.2062976948501967,-0.6441128132251271
355,-0.13961821470003494,1.2185997940686053,-1.354758416562293,-0.6463091104734657
356,-0.17405243748998594,1.0593229671926643,-1.3744076297300702,-0.6463091104734657
357,-0.18404995043193978,0.9277175231620144,-1.4682872037538957,-0.6463091104734657
358,-0.1854294728309949,0.7691544231353552,-1.534876203933586,-0.6463091104734657
359,-0.18250974847321316,0.5786616915613398,-1.5839992368530298,-0.6463091104734657
360,-0.17876312652411297,0.24944794861819797,-1.6331222697724732,-0.6476842540616966
361,-0.1869880577682189,0.33414273098493563,-1.6909782863220404,-0.6481426352577755
362,-0.216290254684197,0.5225087494472781,-1.7149939913048793,-0.6508896453568802
363,-0.24343798592492197,1.2407988691962801,-1.7040777617672251,-0.6508896453568802
364,-0.24562487664023466,1.0718614118419885,-1.7149939913048793,-0.6577553272486258
365,-0.29858550031578274,1.0611940889326417,-1.7892243521609275,-0.6646230573137207
366,-0.42695325131456735,0.6972946678586638,-1.8416222539416673,-0.6646230573137207
367,-0.46323513842703,1.0008202723265325,-1.927860467289135,-0.6669120958514186
368,-0.465205518633541,0.8018990535848975,-2.0468473692495652,-0.6708488488869734
369,-0.5198294280396746,1.1873356645834179,-2.3535934192576464,-0.671947325218877
370,-0.5509007081232874,0.9039185907218857,-2.4703970753105455,-0.6778080503739494
371,-0.570606079390487,0.93100283678408,-2.4791300589406693,-0.6792732316627161
372,-0.6340376513275118,1.145240247912722,-2.4791300589406693,-0.6911772151819483
373,-0.6964698692504215,1.4732990072045076,-2.4791300589406693,-0.6953887511543483
374,-0.7913840123068316,1.6390572454683987,-2.4791300589406693,-0.7122348950439451
375,-0.9114604487348302,1.664905731360825,-2.4791300589406693,-0.7179581058401909
376,-1.096119442435793,1.6697282100721005,-2.4791300589406693,-0.7351277382289345
377,-1.3381496460090707,1.9566295248025387,-2.4791300589406693,-0.7268871175662927
378,-1.4586368578248727,2.570075340509412,-2.4791300589406693,-0.7186464969036479
379,-1.3382873471309835,3.1789711475522173,-2.4791300589406693,-0.7365006288264815
380,-1.423755655509561,1.2444820373120133,-2.4791300589406693,-0.7424520061340908
381,-1.492622910105311,1.3198091547820998,-2.4791300589406693,-0.7424520061340908
382,-1.4665028572760894,1.3283208297074973,-2.3044703863382026,-0.7435965254029397
383,-1.430111120880696,1.4373088485822847,-2.05994684469475,-0.7470300832094838
384,-1.422637972699846,1.6093869451972895,-2.4791300589406693,-0.7506922171620605
385,-1.4011698772574472,1.607706311366411,-2.4791300589406693,-0.7543543511146401
386,-1.4231086699771642,1.823517056174611,-2.4791300589406693,-0.7557276513468593
387,-1.1572504964755959,1.7472254429622667,-2.2389730091122777,-0.8193650118316446
388,-0.5372743521364994,1.3053141616270707,-1.9922662215612943,-0.8825446055723607
389,-0.39667532488034,0.9099900914193766,-1.9704337624859862,-0.8825446055723607
390,-0.3795762476168272,0.9126183423170291,-1.9878997297462326,-0.8836432457581342
391,-0.4129175875534244,0.9942484394627455,-1.9900829756537637,-0.8880378065012285
392,-0.43881480969055175,0.6502441543121324,-1.9906287871306463,-0.8862067395249402
393,-0.36213422650106786,0.7229550770813582,-1.9748002543010477,-0.8807135385960723
394,-0.30747207410756655,0.7688409620191216,-1.9878997297462326,-0.8825444417184936
395,-0.3275927582934778,0.8912595841047934,-1.9933578445150597,-0.8852907964021238
396,-0.3402993777963971,1.0149742473441243,-1.974254442824165,-0.8887243542086679
397,-0.39468332512684245,0.7703118180260509,-1.9878997297462326,-0.8898688734775169
398,-0.3876529830044629,0.6316956955688922,-1.9878997297462326,-0.8880378065012285
399,-0.35904098203603657,0.6668937620628027,-1.9824416149774056,-0.8903260257695851
400,-0.34244189425026594,1.7988741899600067,-1.9726170083935168,-0.8926142450379415
401,-0.3840245220584838,1.8062947790769752,-1.9769835002085787,-0.8891819161354053
402,-0.380768182307227,1.9768043644911417,-1.9878997297462326,-0.8880378065012285
403,-0.3276167406324864,1.9162243869201334,-1.9660672706709246,-0.8852907964021238
404,-0.2980236865870505,2.2246411904209102,-1.9988159592838868,-0.8898688734775169
405,-0.24702477269859938,2.466527077620956,-1.9988159592838868,-0.8898688734775169
406,-0.2816798775050235,2.311069653884345,-1.9988159592838868,-0.8852907964021238
407,-0.28828074793433456,2.4489973675054757,-1.9704337624859862,-0.8843753448409147
408,-0.2273198234808422,3.159358126633471,-1.9900829756537637,-0.8807135385960723
409,-0.14365495720386315,3.2840336687560234,-1.9966327133763562,-0.8830936798844439
410,-0.11700993564799812,3.5262860643381218,-1.9813499920236404,-0.8926142450379415
411,-0.24876161317208048,3.8903771789408816,-1.963338213286511,-0.8914701354037619
412,-0.28445946261347405,4.2328997575074565,-1.9922662215612943,-0.8880378065012285
413,-0.24256024190540879,4.457771939814133,-1.9988159592838868,-0.8869390024615879
414,-0.21807652830522434,4.340513369949527,-1.9857164838387018,-0.8852907964021238
415,-0.17998157642090892,4.565803500411177,-1.9748002543010477,-0.8841923200702174
416,-0.16043472367183784,4.4143551639765395,-1.9878997297462326,-0.8825446055723607
417,-0.11682851516895137,4.630580641953904,-1.983533237931171,-0.8818121787818459
418,-0.10023396933718956,4.2575908485091745,-1.9638840247633935,-0.8807135385960723
419,-0.07099098347559196,2.2564791948727323,-1.9573342870408013,-0.8825444417184936
420,-0.0626712018267425,1.8751706256510567,-1.9813499920236404,-0.8852907964021238
421,-0.10479653990484418,1.4717606364956146,-1.9878997297462326,-0.8834598932797026
422,-0.13494467166715432,1.3651886794551917,-1.9715253854397514,-0.8807135385960723
423,-0.08322710773702903,1.8215880646900955,-1.9797125575929921,-0.8786520521177309
424,0.2737941363048161,1.7964340157321,-1.9878997297462326,-0.8779648899582847
425,0.5177538795241601,2.0730899744404296,-1.9791667461161093,-0.7653423915110588
426,0.5558947908522481,2.5721779412275283,-1.9878997297462326,-0.7648846247669867
427,0.5333406774375442,2.660566742287108,-1.9715253854397514,-0.7635113245347676
428,0.5170233127922962,2.8466903081487014,-1.9797125575929921,-0.7669454967933185
429,0.4957579534660877,2.9182136955352718,-1.9988159592838868,-0.7680902208795021
430,0.4132056814351389,2.842627369834454,-1.9878997297462326,-0.7708372309786067
431,0.33341678028044286,2.842627369834454,-1.9551510411332702,-0.7708372309786067
432,0.31140678020033596,2.4699992622930704,-1.9791667461161093,-0.7607643144356658
433,0.395308292083334,2.7190754652516294,-1.9851706723618192,-0.7607643144356658
434,0.4106801478339241,2.6047586074008953,-1.9660672706709246,-0.7607643144356658
435,0.3979807194371556,2.495867038100348,-1.9682505165784552,-0.7596661658114965
436,0.38810344407290187,2.1599187036368983,-1.983533237931171,-0.758934066728716
437,0.3837356928984345,1.746845672763753,-1.9797125575929921,-0.7534402513478413
438,0.40448911566572665,1.698585922680363,-1.9595175329483319,-0.7516089795542183
439,0.4527756675908753,1.6300633226718724,-1.9813499920236404,-0.7479458624784301
440,0.48369461950023446,1.482350799745572,-1.9878997297462326,-0.7470300832094838
441,0.5002954387160273,2.072622194005432,-1.9878997297462326,-0.7470300832094838
442,0.4919723291830538,2.1371710715558287,-1.9704337624859862,-0.7470300832094838
443,0.4711878305641892,2.362601857646567,-1.9748002543010477,-0.74336762154917
444,0.47274387978041155,2.4815683887214166,-1.9878997297462326,-0.7424520061340908
445,0.48519859483492916,2.625881064156272,-1.9769835002085787,-0.7470300832094838
446,0.4366145605457409,2.7410659681750382,-1.9660672706709246,-0.7470300832094838
447,0.3799564413051832,2.7676571157889946,-1.9769835002085787,-0.7424520061340908
448,0.3831696038858798,2.872663374741174,-1.9769835002085787,-0.7413072820479072
449,0.38485043077896447,2.924580573053829,-1.9726170083935168,-0.7378731097893563
450,0.42624122213331234,2.869988908422547,-1.9715253854397514,-0.7401625579617236
451,0.3593893649246499,2.766359869015666,-1.9851706723618192,-0.7424520061340908
452,0.33661912024638524,2.4496387571740743,-1.9878997297462326,-0.7397049960349861
453,0.3373036587623911,1.9593743189356956,-1.9769835002085787,-0.7397049960349861
454,0.37145849201137343,2.111197201216914,-1.9813499920236404,-0.7332966712526433
455,0.403597995503909,2.278331051533192,-1.9791667461161093,-0.7332966712526433
456,0.393668353477379,2.4001456581602834,-1.9715253854397514,-0.7332966712526433
457,0.37457752472474753,2.538762986237125,-1.9769835002085787,-0.7291743127479731
458,0.42171745135009986,2.538762986237125,-1.985716483838702,-0.7278001932464153
459,0.4088511033017845,2.815028324169832,-1.9660672706709246,-0.7232237547097023
460,0.33886261638154375,2.479552592620101,-1.9569704127228793,-0.6453938500751011
461,0.29511318900958283,1.1005985624824548,-1.9726170083935168,-0.6239691102395296
462,0.32392856430487005,1.0099022053595428,-1.9842609865670147,-0.6225044205123643
463,0.3769267187058435,1.008566378756513,-1.9813499920236404,-0.6241526265718282
464,0.3682054650200876,1.0255656162137514,-1.9606091559020973,-0.6252514306114689
465,0.32267221756402903,0.9117872684857873,-1.9769835002085787,-0.6225044205123643
466,0.32230291545413403,2.0545764786678546,-1.9851706723618192,-0.6209019296821086
467,0.31623219391614577,2.233066060729493,-1.9726170083935168,-0.6160944571913415
468,0.37038350610905646,2.697133187115333,-1.9704337624859862,-0.6149956531517008
469,0.3905046776921645,2.821591717695877,-1.9824416149774056,-0.6133474470922368
470,0.41372280757565955,3.3901233779253177,-1.9813499920236404,-0.6133474470922368
471,0.40684228872555833,3.9702723893702174,-1.9769835002085787,-0.6133474470922368
472,0.39216088931475596,3.994741646351221,-1.9769835002085787,-0.61169973259438
473,0.39998614772530233,4.5120392927521005,-1.9769835002085787,-0.6106012562624735
474,0.39459842717633853,4.177638973954983,-1.9769835002085787,-0.6095026160767
475,0.3971967553177989,4.239928520229147,-1.9704337624859862,-0.6087701892861852
476,0.3770226235207937,4.161367930783144,-1.9660672706709246,-0.6101434895184015
477,0.34187328140814427,4.191701321877055,-1.983533237931171,-0.6106012562624735
478,0.31338593698068495,4.246720981493965,-1.9791667461161093,-0.6032756775263716
479,0.41022285340873144,4.2192682176835925,-1.9660672706709246,-0.6014442828423461
480,0.41960454170754735,4.330574241325594,-1.9797125575929921,-0.6014442828423461
481,0.4039749721220897,4.34695137902907,-1.9715253854397514,-0.6005283397195326
482,0.3975815180205541,3.7209775673767536,-1.963338213286511,-0.5996123965967163
483,0.39304330937957926,1.9271641798766455,-1.9715253854397514,-0.5950359580600032
484,0.4201762089638719,1.8691939670348805,-1.9660672706709246,-0.5950359580600032
485,0.4066433108184151,1.9978641290232748,-1.9638840247633935,-0.5950359580600032
486,0.38670047638491234,2.3033874452972922,-1.9748002543010477,-0.5928383499807218
487,0.392510783998891,2.2944658596814347,-1.985716483838702,-0.5922889479609015
488,0.38683408371282474,2.1930828897343257,-1.9551510411332702,-0.5849638607864037
489,0.44377553595998986,2.021590724282734,-1.9660672706709246,-0.5849638607864037
490,0.46662767963253515,1.9475222737562887,-1.9660672706709246,-0.5785547167347195
491,0.5223230022168192,1.8149233991111187,-1.9878997297462326,-0.5785547167347195
492,0.5400429321905477,1.7861814259919329,-1.9551510411332702,-0.5803849644416693
493,0.5138533276675199,2.132088178994152,-1.9769835002085787,-0.5803849644416693
494,0.4940369813668403,2.3318545371299315,-1.9769835002085787,-0.5785547167347195
495,0.35654752281471425,2.3796694135522105,-1.9878997297462326,-0.5785547167347195
496,0.13426920754849891,1.7407150967020404,-1.9551510411332702,-0.5831319745407739
497,0.03230952045691859,1.4132687922065776,-1.9769835002085787,-0.3084416151317822
498,-0.11762499078570643,1.543610746814881,-1.9551510411332702,-0.3084416151317822
499,-0.21833606017728643,1.283037754608645,-1.9791667461161093,-0.31118862523088686
500,-0.26336830783372545,1.0361268445914469,-1.9851706723618192,-0.31118862523088686
501,-0.28658020542522467,1.2975485930508641,-1.9726170083935168,-0.31118862523088686
502,-0.28587022066646006,0.8013492910118188,-1.9660672706709246,-0.31118862523088686
503,-0.27975769483139223,1.1270884380434798,-1.9704337624859862,-0.31118862523088686
504,-0.2718655756846192,1.023057927283895,-1.9726170083935168,-0.30825891806882205
505,-0.26494861618946813,0.9672088013286417,-1.9660672706709246,-0.30386435732572775
506,-0.1634927227278563,1.7228900097654936,-1.9660672706709246,-0.30386435732572775
507,-0.12120187198188036,1.591519661572019,-1.9824416149774056,-0.30386435732572775
508,-0.12134386345469526,1.775702179752332,-1.9769835002085787,-0.3066113674248324
509,-0.1420161369861311,2.0189058092602403,-1.9660672706709246,-0.3066113674248324
510,-0.1112684217509923,2.317888638782086,-1.9678866422605334,-0.2992846417116547
511,-0.044369722875394604,2.976137692956063,-1.9769835002085787,-0.2992846417116547
512,-0.038136168669237094,2.981345969964241,-1.9660672706709246,-0.30203165181075936
513,-0.056482380638323886,2.867222011261945,-1.9660672706709246,-0.30203165181075936
514,-0.06415101630036595,3.271731525563558,-1.9682505165784552,-0.30203165181075936
515,-0.06896000279026239,2.985662088410831,-1.9687963280553378,-0.2990564752002913
516,0.017677277079250528,3.321017257992781,-1.9529677952257394,-0.2901309453688901
517,0.11241990300830049,3.2439299357930738,-1.9660672706709246,-0.29470779354027243
518,0.05478475043346033,3.348867072550378,-1.9791667461161093,-0.2992846417116547
519,-0.011387327658555865,3.3775246522921165,-1.9551510411332702,-0.30477968599653726
520,-0.1090321795014798,3.254037851171902,-1.961700778855863,-0.3066113674248324
521,-0.16160740474624583,2.8844671951334675,-1.9660672706709246,-0.3029475949335728
522,-0.13267088122810156,2.914904269519664,-1.9769835002085787,-0.30203165181075936
523,-0.10944067213541779,2.81034569734119,-1.9551510411332702,-0.30386435732572775
524,-0.11887412687885172,1.7720226284956349,-1.9660672706709246,-0.30386435732572775
525,-0.12667974023752815,1.148109622745925,-1.9769835002085787,-0.30203165181075936
526,-0.11058849136429515,1.3621927145558033,-1.9878997297462326,-0.30203165181075936
527,-0.09919350599503739,1.9235834894335273,-1.9624285274917064,-0.29470738390560025
528,0.010216713505379664,2.2998091660935267,-1.9687963280553378,-0.301575113970698
529,-0.054775354234111374,2.4420481756825274,-1.9878997297462326,-0.31118862523088686
530,-0.1864763881020707,2.2723692622263747,-1.9606091559020973,-0.31004431077937256
531,-0.256691331531004,2.206518315423944,-1.9769835002085787,-0.3066113674248324
532,-0.10398223411160946,1.5393123107902305,-1.4436477142260478,-0.46907072209293604
533,-0.06956432023675571,-0.14950365896865456,-0.7325333329160068,-0.685683194983739
534,0.006255769198348799,-0.8482727867676582,-0.7325333329160068,-0.685316817734613
535,0.09470332717193829,-0.7851786902951624,-0.7107008738406986,-0.6838513087381092
536,0.13280716620761968,-1.1677603938966106,-0.645203496614774,-0.6838513087381092
537,0.13583302487153037,-0.8305292800959782,-0.645203496614774,-0.6838513087381092
538,0.12921384965273378,-1.0124741681542477,-0.645203496614774,-0.6838513087381092
539,0.11765426636996401,-0.6475813164657498,-0.645203496614774,-0.6838513087381092
540,0.10721841327474672,-0.4950487260675272,-0.5753396275737874,-0.6838513087381092
541,0.09693280293299991,-0.245220216430013,-0.5578736603135411,-0.6838513087381092
542,0.08701318565087522,0.02548480354859417,-0.5578736603135411,-0.6838513087381092
543,0.07970744984551038,0.56497067450004,-0.5578736603135411,-0.6838513087381092
544,0.07156123125079387,0.7155139924298558,-0.5578736603135411,-0.6838513087381092
545,0.06193588088095936,0.7875340951236867,-0.5578736603135411,-0.6838513087381092
546,0.05436886821884704,0.9642236870063621,-0.5578736603135411,-0.6838513087381092
547,0.04789103419140928,1.0815931738813254,-0.5578736603135411,-0.6838513087381092
548,0.04173133812434018,1.3934291147883981,-0.5578736603135411,-0.6765270408329529
549,0.1319041280714862,1.104099682026845,-0.5753396275737874,-0.6746956461489274
550,0.1746728894591168,1.5567857586540839,-0.645203496614774,-0.6673700674128255
551,0.27403305716825976,1.730105643537246,-0.6801354311352671,-0.665538836582667
552,0.31340718498718717,1.8100743967669342,-0.7325333329160068,-0.6627919903374324
553,0.3590150978125361,2.091955511158926,-0.7325333329160068,-0.6627919903374324
554,0.35957016559883337,2.0701289725117062,-0.7849312346967467,-0.6627919903374324
555,0.3485982052671983,1.9408624306560178,-0.8722610709979799,-0.6627919903374324
556,0.33071286273036116,1.8096524298796965,-0.9595909072992129,-0.6627919903374324
557,0.31828999057873864,1.6155187268786715,-1.0469207436004462,-0.6611437842779684
558,0.3289058747285629,1.438080445176077,-1.1342505799016793,-0.6600449802383277
559,0.3192482080413468,1.3832428341305107,-1.2346798916480972,-0.6566108079797769
560,0.334336631194216,1.221213577530113,-1.2565123507234055,-0.6554660838935932
561,0.3485087444823667,1.3450307184420587,-1.2810738671831274,-0.6554660838935932
562,0.3357959919932066,0.9737078951385315,-1.354758416562293,-0.657297423959664
563,0.30390533244853724,0.6515823921545012,-1.4311720233258718,-0.6582130939926979
564,0.24283324119873775,0.569455579701525,-1.445726996042744,-0.6588237227412421
565,0.2153433134671554,0.47906303873740763,-1.439905006955995,-0.6600449802383277
566,0.1787000013596433,0.6476568944835341,-1.378774121545132,-0.6627918264835624
567,0.15212537816472496,0.7049238291798982,-1.3438421870246386,-0.6646230573137207
568,-0.15724455436769078,0.3181851489293299,-1.343842187024639,-0.6192986195825114
569,-0.3046429011857141,-0.3491446326579605,-1.28562229615715,-0.6041904736721093
570,-0.29572323803263606,-0.3274772358081968,-1.2565123507234057,-0.6041904736721093
571,-0.2863269860317003,-0.21209943264099304,-1.2565123507234057,-0.6025427591742525
572,-0.26073994997542044,-0.32683102366089234,-1.2041144489426656,-0.6014442828423461
573,-0.2308078537664743,0.6745373908201682,-1.1691825144221721,-0.6003451510949682
574,-0.20495960797043766,0.5301137983749561,-1.1691825144221721,-0.5996123965967163
575,-0.1786584166562604,0.27496609471890665,-1.1691825144221721,-0.5968665334746902
576,-0.14412908895347984,0.3637141704424662,-1.1691825144221721,-0.5950359580600032
577,-0.0975676378726355,0.3072236548186141,-1.1746406291909994,-0.5936624530104524
578,-0.07350317230142248,0.43432008125422256,-1.1495333012543951,-0.5922889479609015
579,-0.037067386751070096,0.5916582716882225,-1.1429835635318026,-0.5933877520005422
580,-0.03425574078072133,0.5263426200227391,-1.2019312030351348,-0.5950359580600032
581,-0.0627451571028356,0.6196190032561908,-1.1429835635318026,-0.5950359580600032
582,-0.07194890159413923,0.7008343672327417,-1.0971353994736552,-0.5950359580600032
583,-0.07601853447678816,0.5814490842564622,-1.138617071716741,-0.5950359580600032
584,-0.07848424963197803,0.35258871205556097,-1.2565123507234057,-0.5950359580600032
585,-0.07980654423807015,-0.18188660351486383,-1.2565123507234057,-0.5950359580600032
586,-0.08072566879305057,-0.3375923849050979,-1.3001772688740223,-0.5936624530104524
587,-0.04468910832146325,-0.021575354955362547,-1.4093395642505633,-0.5922889479609015
588,-0.035379913563735606,0.05737464964656584,-1.3438421870246389,-0.5922889479609015
589,-0.03406542010929748,0.1829869582587834,-1.2455961211857516,-0.5922889479609015
590,-0.035479182674919216,0.099017958938092,-1.2455961211857516,-0.5922889479609015
591,-0.037718834878480864,0.30813028081633365,-1.2455961211857516,-0.5922889479609015
592,-0.06315681916544202,0.3788471086384331,-1.3329259574869845,-0.596866205766953
593,-0.10774374730059465,0.376628768431254,-1.350391924747231,-0.5965001562255643
594,-0.11431417305199293,0.30320653005211307,-1.402789826527971,-0.5950359580600032
595,-0.10255787466348153,0.3145248875874698,-1.3329259574869843,-0.5950359580600032
596,-0.09841290474510628,0.4373196630126333,-1.3383840722558114,-0.5950359580600032
597,-0.09728409382703851,0.25729050462240416,-1.3438421870246386,-0.5964086438402156
598,-0.11512870187224836,0.007914102364073304,-1.3438421870246386,-0.596866205766953
599,-0.12547451529859066,-0.19347019737934146,-1.3438421870246386,-0.596866205766953
600,-0.12856238518225127,-0.20984492384346543,-1.3438421870246386,-0.596866205766953
601,-0.1287793083235725,-0.35919950077095675,-1.3438421870246386,-0.6014442828423461
602,-0.1283004220314436,-0.03460328119387399,-1.3438421870246386,-0.6014442828423461
603,-0.17347580563094955,-0.0026881170826625242,-1.2565123507234057,-0.6014442828423461
604,-0.20302303452366774,0.05405316743417932,-1.2565123507234057,-0.6014442828423461
